tx_id,Date,amount,amount_cents,Currency,base_amount,payer,receiver,Flujo,Tipo,source_file,source_row,ingest_ts,notes,status
01cde141ad1dabf707b2cc40e212048080198d81853e62ed610cac2b256d8b54,2025-01-03,150000,15000000,ARS,,HH,MI,Repago,Prestamo,,687,2025-12-08T15:34:46.219745Z,CABA | Luciano |  | ,pagado
f440a120ef8f3460c6c4a2c4ba27d9363060f53ab95c5c7542a638160e1c7a71,2025-01-03,150000,15000000,ARS,,CANDE,HH,Contribucion,Contribuciones,,688,2025-12-08T15:34:46.219745Z,CABA | Luciano |  | ,pagado
9166d8edfd7e852ea48569a73571f112efeb2900e02dad798426d723c3248753,2025-01-06,131000,13100000,ARS,,MI,HH,Contribucion,Impuestos,,689,2025-12-08T15:34:46.219745Z,CABA | matias | ABL | ,pagado
fbbb4df6ddfab835768814fae8202f74d93a71ccda6f62527f5e305dd8f30494,2025-01-06,131000,13100000,ARS,,PM,,Pagos,Impuestos,,690,2025-12-08T15:34:46.219745Z,CABA | matias | ABL | ,pagado
86e1c5fb221e1235d7100734b7d4effd8e02e3a6d1eadf0ea6aaeb6f07173593,2025-01-08,150000,15000000,ARS,,HH,MI,Repago,Prestamo,,691,2025-12-08T15:34:46.219745Z,CABA | Alen |  | ,pagado
a0bc2e9b75980ce890d7014c980574ef0acfee7736f47e75312e9d4d631e6afa,2025-01-08,150000,15000000,ARS,,Alen,HH,Contribucion,Contribuciones,,692,2025-12-08T15:34:46.219745Z,CABA | Alen |  | ,pagado
e839ccbe1c4080a24b5e6d85c6ac63c724db5d1e54196ee841738f508a5ff0c4,2025-01-10,50000,5000000,ARS,,Inq,FB,Contrib x Inq,Contribuciones,,693,2025-12-08T15:34:46.219745Z,Tigre 01 | Inmobiliaria |  | ,pagado
7c9d7a01772a37c59f73f46ac805da59029a8db16d4b5cf68f6e4834dba5078f,2025-01-10,1467524,146752400,ARS,,FB,,Transfer,Prestamo,,694,2025-12-08T15:34:46.219745Z, | Gastos Personales |  | ,pagado
5eae7ebdbc5f3a51524810fd3b39e3aaf3fe0655a9901e8707824e2d690904be,2025-01-10,130000,13000000,ARS,,,FB,Cobros,Renta,,695,2025-12-08T15:34:46.219745Z,Tigre 01 | Kiosco Mutuo |  | ,pagado
d1ea9ccb0f1d7b7f8c504ddb476efa6d93923906643eb4afaabf5fed076abd7a,2025-01-10,119574,11957400,ARS,,,FB,Cobros,Renta,,696,2025-12-08T15:34:46.219745Z,Tigre 01 | Remiseria |  | ,pagado
f3199cf06ae4bc5e54555b041f97127db01b20a4d5f52982eeb3fc6501ff22d0,2025-01-10,400000,40000000,ARS,,,FB,Cobros,Renta,,697,2025-12-08T15:34:46.219745Z,Tigre 01 | Vidriero |  | ,pagado
7498e8bb140ff3eea47dda73b605c4b206a9d06e2a102556f290125a2c4e7f8c,2025-01-10,200000,20000000,ARS,,,FB,Cobros,Renta,,698,2025-12-08T15:34:46.219745Z,Tigre 28 | Chino |  | ,pagado
7f5b2b7a92fd43e85c403a9c3019ae069fba4fd5c21e8759a7f30ede25ffca46,2025-01-10,170000,17000000,ARS,,,FB,Cobros,Renta,,699,2025-12-08T15:34:46.219745Z,Tigre 28 | Hualpa Ropa |  | ,pagado
27684669b4fe2f88c9690766e330806d58e2876804e706b8295c56299af7ce19,2025-01-10,250000,25000000,ARS,,,FB,Cobros,Renta,,700,2025-12-08T15:34:46.219745Z,Tigre 32 | Correa |  | ,pagado
b9cf6f78f3e91ff51458d2026e878fbaa32734021d9683da7dd80c443b6df460,2025-01-10,97950,9795000,ARS,,,FB,Cobros,Renta,,701,2025-12-08T15:34:46.219745Z,Tigre 32 | Taipe |  | ,pagado
e5e97571ea5779f3ca8ac7048964ec50dfdd8ff07c3dd68cdb5e3b3494a28a60,2025-01-10,100000,10000000,ARS,,,FB,Cobros,Renta,,702,2025-12-08T15:34:46.219745Z,Tigre 32 | Tecnico |  | ,pagado
29884bd5d2922677b4eeed6c1da14d1155452d5b776bb59bd160e6a062174263,2025-01-10,380,38000,USD,,,PM,Cobros,Renta,,703,2025-12-08T15:34:46.219745Z,CABA | Chino Juan |  | ,pagado
f426bfa183b710a1737c2beb22863e76e08e59c99d9a0cf616ea77905e29da14,2025-01-22,17395,1739500,ARS,,MI,HH,Contribucion,Servicio,,704,2025-12-08T15:34:46.219745Z,CABA |  | Internet | card,pagado
08dd44d63969d92171cc115b39a1a39d423b46fad52449e9cff15eded84282d5,2025-01-15,360504,36050400,ARS,,MI,Hector,Transfer,Prestamo,,705,2025-12-08T15:34:46.219745Z,CABA | Hector 2024 | ABL | ,pagado
33b9449c69ad0fede0ad24500f575f331edd43f8c313ffd688fc8df76041d0a4,2025-01-15,113069,11306900,ARS,,MI,Hector,Transfer,Prestamo,,706,2025-12-08T15:34:46.219745Z,CABA | Hector 2023 | AySA | ,pagado
56125b9645ff457ab3761b216389cd6112e764694e3c49aae2b5564c8e258a5e,2025-01-15,111187,11118700,ARS,,MI,Hector,Transfer,Prestamo,,707,2025-12-08T15:34:46.219745Z,CABA | Hector 2024 | AySA | ,pagado
cabaa023e68c075f7b6cbfe2adc9d552183143f15c9b4fc66be49e776edc0d16,2025-01-22,17395,1739500,ARS,,HH,,Pagos,Servicio,,708,2025-12-08T15:34:46.219745Z,CABA |  | Internet | card,pagado
f3ffcfa3a57e16935961191e1de932889fe3f90427214b8b56965671e1ab37bf,2025-01-17,57956,5795600,ARS,,Inq,PM,Contrib x Inq,Contribuciones,,709,2025-12-08T15:34:46.219745Z,CABA | Juan Chino 2024 | ABL | ,pagado
48ca0b512faf9de2e1b7ea89c6d7ca6cbe14dfa8256970862ba08b419d3b69db,2025-01-17,232001,23200100,ARS,,PM,MI,Repago,Prestamo,,710,2025-12-08T15:34:46.219745Z,CABA | Matias 25 |  | ,pagado
dc813e2c5cbe46eacce17d22d95455e3a8d0e5d228e5aa097059beba26cc2965,2025-01-17,174045,17404500,ARS,,Inq,PM,Contrib x Inq,Servicio,,711,2025-12-08T15:34:46.219745Z,CABA | Juan Chino 2024 | AySA | ,pagado
2dc082a93015b697f7dd4f0c21216fe1a27af16869422a490126796f44f52089,2025-01-31,71116,7111600,ARS,,MI,PM,Contribucion,Impuestos,,712,2025-12-08T15:34:46.219745Z,Tigre 01 | matias | Tigre | ,pagado
17b40687c70a93ad3857e810f0d7dbce64a74da5a433b7064a5e5b34f5956081,2025-01-31,71116,7111600,ARS,,PM,,Pagos,Impuestos,,713,2025-12-08T15:34:46.219745Z,Tigre 01 |  | Tigre | ,pagado
97682cd06273d04f931f3681ab395ae815a2decb1b0ee66509c8c9b96cc4a73a,2025-01-31,51000,5100000,ARS,,PM,PM,Pagos x Inq,Impuestos,,714,2025-12-08T15:34:46.219745Z,Tigre 28 | chino | Tigre | ,pagado
1abcd5d0bdde27f11f2be5d69c84aad3794e2093dd48a9dc6d05dc0098e6dfce,2025-01-31,51196,5119600,ARS,,PM,PM,Pagos x Inq,Impuestos,,715,2025-12-08T15:34:46.219745Z,Tigre 28 | hualpa | Tigre | card,pagado
018120ef9b7b4a69a76b737ab0403ae28dd50f28f3c9481a51b9c76b1ac757c1,2025-01-31,54785,5478500,ARS,,MI,PM,Contribucion,Impuestos,,716,2025-12-08T15:34:46.219745Z,Tigre 32 | matias | Tigre | card,pagado
bacd8e4a59e6c6d626f5bba0ec4137a5777dfe06a84c65217983d69ad3f06f28,2025-01-31,54785,5478500,ARS,,PM,,Pagos,Impuestos,,717,2025-12-08T15:34:46.219745Z,Tigre 32 | matias | Tigre | card,pagado
e5b1e98c936d348001466a496934d9be4ebae1dc3e40c718d626eeec6ed81f13,2025-02-04,115470,11547000,ARS,,Hector,FB,Contribucion,Servicio,,718,2025-12-08T15:34:46.219745Z,CABA | primos | AySA | ,pagado
6b78df08181067f54392268367b44eb26d4ce9183f024dc4db447cf1ced1c80a,2025-02-04,115470,11547000,ARS,,FB,,Pagos,Servicio,,719,2025-12-08T15:34:46.219745Z,CABA | primos | AySA | ,pagado
00eb2d966cad21e93b4cf0517f6e5099db57dca0a67f7f51a1ce16e0786751ba,2025-02-07,131000,13100000,ARS,,PM,PM,Pagos x Inq,Impuestos,,720,2025-12-08T15:34:46.219745Z,CABA | Juan Chino | ABL | ,pagado
41c04a942bdfc4f9c36718c30b3b526a781afdcd5500a288eb499f59abc4c35a,2025-02-07,75080,7508000,ARS,,Alen,HH,Contribucion,Servicio,,721,2025-12-08T15:34:46.219745Z,CABA |  | Metrogas | card,pagado
34de08faa37eaba105f233a4f916811b94ad6a782203f468d7d7e417767d29c7,2025-02-07,75080,7508000,ARS,,HH,,Pagos,Servicio,,722,2025-12-08T15:34:46.219745Z,CABA | matias | Metrogas | card,pagado
79d02fc627725de241f152810b344b1cc32a23781af468838a8f3bea74936b06,2025-02-10,50000,5000000,ARS,,Inq,FB,Contrib x Inq,Contribuciones,,723,2025-12-08T15:34:46.219745Z,Tigre 01 | Inmobiliaria |  | ,pagado
0f828209d2b678b22e4ad547205f89b08a50c14799ecf804bbaf29113b016f47,2025-02-10,1487524,148752400,ARS,,FB,,Transfer,Prestamo,,724,2025-12-08T15:34:46.219745Z, | Gastos Personales |  | ,pagado
b2536a99ededa7e71f46190a4d398b7a52300ea5a1e1a4d5df6203387b944eec,2025-02-10,45000,4500000,ARS,,HH,,Pagos,Mantenimiento,,725,2025-12-08T15:34:46.219745Z,CABA | Destape |  | cash,pagado
dc75a5b635457df277f1ed9f082c15144e79795ead4ad324f6938d61d3a78418,2025-02-10,45000,4500000,ARS,,HH,,Pagos,Mantenimiento,,726,2025-12-08T15:34:46.219745Z,CABA | Destape |  | cash,pagado
197fcce0a0eec7be1cc36604e6d0876e28ac5189a2181a399a8ec9a6e6f3a7f8,2025-02-10,150000,15000000,ARS,,,FB,Cobros,Renta,,727,2025-12-08T15:34:46.219745Z,Tigre 01 | Kiosco Mutuo |  | ,pagado
4806cb2f9fff525e2d9d88fe10d2d0c6c34e245c797132df1e7dfcaf2d95b319,2025-02-10,119574,11957400,ARS,,,FB,Cobros,Renta,,728,2025-12-08T15:34:46.219745Z,Tigre 01 | Remiseria |  | ,pagado
303a7bdae17f10363327780371d7509b4bafb276076952e71a7ce100fbcc4cc0,2025-02-10,400000,40000000,ARS,,,FB,Cobros,Renta,,729,2025-12-08T15:34:46.219745Z,Tigre 01 | Vidriero |  | ,pagado
c258318d3934585ab8946096e952ca44c717ea7d7ff1941d79c8702e40246287,2025-02-10,200000,20000000,ARS,,,FB,Cobros,Renta,,730,2025-12-08T15:34:46.219745Z,Tigre 28 | Chino |  | ,pagado
d1d905cef67116c086da644ca5786b82b95ba41582c5a9c00a73acaf015f191c,2025-02-10,170000,17000000,ARS,,,FB,Cobros,Renta,,731,2025-12-08T15:34:46.219745Z,Tigre 28 | Hualpa Ropa |  | ,pagado
8ef74ee60463538b9395b4b276cac27bacdcc20e66078dec9d301cff496c790a,2025-02-10,250000,25000000,ARS,,,FB,Cobros,Renta,,732,2025-12-08T15:34:46.219745Z,Tigre 28 | Correa |  | ,pagado
d78e43a3a8e89b74d709e420f5e2ecdc88a49db377165505e99f65c0a46662c6,2025-02-10,97950,9795000,ARS,,,FB,Cobros,Renta,,733,2025-12-08T15:34:46.219745Z,Tigre 32 | Taipe |  | ,pagado
3161a279d345bae5acbf8f0de4cb86b4c72463f399efe1e90764841fe1ae4420,2025-02-10,100000,10000000,ARS,,,FB,Cobros,Renta,,734,2025-12-08T15:34:46.219745Z,Tigre 32 | Tecnico |  | ,pagado
193b554f8f1e77cc148e267d24b3e316beefa1fe570eeec2b8821d9eb1b0b27f,2025-02-10,380,38000,USD,,,PM,Cobros,Renta,,735,2025-12-08T15:34:46.219745Z,CABA | Chino Juan |  | ,pagado
6bd9021ed50254bdd0dbbea8a080a43c04cd50f16a0ea4ea207bf294f59ceda5,2025-02-24,13869,1386900,ARS,,MI,HH,Contribucion,Servicio,,736,2025-12-08T15:34:46.219745Z,CABA |  | Internet | card,pagado
60ba44c802bf404ebd3eb8605ec47e894f81fff03ffbd61cb06416b3e64b5cb7,2025-02-24,13869,1386900,ARS,,HH,,Pagos,Servicio,,737,2025-12-08T15:34:46.219745Z,CABA |  | Internet | card,pagado
0ee073b213366f503ccaab801fbb8c3ed5590aad69ecb05756b9fd2fdf5c053e,2025-02-17,71116,7111600,ARS,,PM,PM,Pagos x Inq,Impuestos,,738,2025-12-08T15:34:46.219745Z,Tigre 01 | Vidriero | Tigre | ,pagado
674cdd0b35bf49d163f934fc76029a72218a05401978688c7b7e481965aef7d5,2025-02-17,51196,5119600,ARS,,PM,PM,Pagos x Inq,Impuestos,,739,2025-12-08T15:34:46.219745Z,Tigre 28 | chino | Tigre | ,pagado
674d9a7f7ff2f1e3511f46f1d18944666ff7214ec5bf3a0afd942c2532ce7637,2025-03-05,117470.91,11747091,ARS,,PM,PM,Pagos x Inq,Servicio,,740,2025-12-08T15:34:46.219745Z,CABA | Juan Chino | AySA | ,pagado
ba103b58986d62c9e2050405ea97e6f6d78dbf757bb04a50dfffad07f8fe6305,2025-03-06,131735,13173500,ARS,,Hector,FB,Contribucion,Impuestos,,741,2025-12-08T15:34:46.219745Z,CABA | primos | ABL | ,pagado
53c8b57b7eef1dcf80f54c0f2bfb1f05da22b619b0e06a0f3b64d754c534d9d5,2025-03-06,131735,13173500,ARS,,FB,,Pagos,Impuestos,,742,2025-12-08T15:34:46.219745Z,CABA | primos | ABL | ,pagado
3499ee6bfb5c66d0fe628e730bdbbeea840d7977641886679cb0ddc5477679d9,2025-03-10,50000,5000000,ARS,,Inq,FB,Contrib x Inq,Contribuciones,,743,2025-12-08T15:34:46.219745Z,Tigre 01 | Inmobiliaria |  | card,pagado
8cb6393abb49f641b540b89470fb189b69e17778301b2395f5041dffe84098db,2025-03-10,1487524,148752400,ARS,,FB,,Transfer,Prestamo,,744,2025-12-08T15:34:46.219745Z, | Gastos Personales |  | ,pagado
35ac95aad9ac92e3970d1586a798e63652221bfd9ef4d4e87e3aa2ee2a7d0b61,2025-03-10,150000,15000000,ARS,,,FB,Cobros,Renta,,745,2025-12-08T15:34:46.219745Z,Tigre 01 | Kiosco Mutuo |  | ,pagado
f4bb7f1c8251f65267d81a7589052e93182b0539bcdcc1cd895e4bbbf85425b1,2025-03-10,119574,11957400,ARS,,,FB,Cobros,Renta,,746,2025-12-08T15:34:46.219745Z,Tigre 01 | Remiseria |  | ,pagado
ec1ab67daf22fe60c26ff8b30eaa56de2219a538ea874866ae5c358a33e3d728,2025-03-10,400000,40000000,ARS,,,FB,Cobros,Renta,,747,2025-12-08T15:34:46.219745Z,Tigre 01 | Vidriero |  | ,pagado
cb652c74fe23d48e9ca73cfb48fe1af3a901ce4d46c24bf89b4ed50fad32a10d,2025-03-10,200000,20000000,ARS,,,FB,Cobros,Renta,,748,2025-12-08T15:34:46.219745Z,Tigre 28 | Chino |  | ,pagado
e2a6e986a9e77b50051f964e5b03d5d8ed84ba97682a0f7d2d3f77e32851b582,2025-03-10,170000,17000000,ARS,,,FB,Cobros,Renta,,749,2025-12-08T15:34:46.219745Z,Tigre 28 | Hualpa Ropa |  | ,pagado
007d43ff1be6ad04039e69c04dab95c7d4c87403ac980cc2b83d8b24a95abd9e,2025-03-10,250000,25000000,ARS,,,FB,Cobros,Renta,,750,2025-12-08T15:34:46.219745Z,Tigre 28 | Correa |  | ,pagado
48edf7907b942c052038833eb6949671d3b93542a758778f8203ac20c6d9802a,2025-03-10,97950,9795000,ARS,,,FB,Cobros,Renta,,751,2025-12-08T15:34:46.219745Z,Tigre 32 | Taipe |  | ,pagado
572e5ba63543fe5df2a7d8b14cd24178fa79ccd8f6c996caa6ab18e91f6328e5,2025-03-10,100000,10000000,ARS,,,FB,Cobros,Renta,,752,2025-12-08T15:34:46.219745Z,Tigre 32 | Tecnico |  | ,pagado
4b703caf6797f9562b9337bb97a0b52f6a9b6586778cf342c218a4d622a1ae1f,2025-03-10,380,38000,USD,,,PM,Cobros,Renta,,753,2025-12-08T15:34:46.219745Z,CABA | Chino Juan |  | ,pagado
b76c8d4e12496608958fcd3a5f140fea47b169b3a7fdb576b7b1bdd75a7a9f5b,2025-03-11,48721.5,4872150,ARS,,MI,PM,Contribucion,Impuestos,,754,2025-12-08T15:34:46.219745Z,Tigre 01 | matias | ARBA | ,pagado
488aafd53071f33d3e1ddaefd24bffe28fd58bdecad1be542c9289aa9ba3059d,2025-03-11,48722,4872200,ARS,,PM,,Pagos,Impuestos,,755,2025-12-08T15:34:46.219745Z,Tigre 01 | matias | ARBA | ,pagado
105c5b7de6aa620d5612d4e868d096d252e4885a2f56b57b3b25a6e6aa515ce8,2025-03-11,40774.6,4077460,ARS,,MI,PM,Contribucion,Impuestos,,756,2025-12-08T15:34:46.219745Z,Tigre 02 | matias | ARBA | ,pagado
4cb72479e9ce1b9665b31a16bccb8a7cc1e67222f27c026282e938412ec246e9,2025-03-11,40775,4077500,ARS,,PM,,Pagos,Impuestos,,757,2025-12-08T15:34:46.219745Z,Tigre 02 | matias | ARBA | ,pagado
e74f536141e106d27f2e6d1cdb20f11345eb71e836b73109e83775d0738ba038,2025-03-11,32256.1,3225610,ARS,,MI,PM,Contribucion,Impuestos,,758,2025-12-08T15:34:46.219745Z,Tigre 27 | matias | ARBA | ,pagado
2b57802bf2ca0a9765e97b8caf94c72577398c009e0d1afcdea704d4901ce0dc,2025-03-11,40816.1,4081610,ARS,,MI,PM,Contribucion,Impuestos,,759,2025-12-08T15:34:46.219745Z,Tigre 28 | matias | ARBA | ,pagado
1e854fc91be9294e6a90dd3e5ba24e6b56149e0f34b933ad7d430befc449e5c7,2025-03-11,40816,4081600,ARS,,PM,,Pagos,Impuestos,,760,2025-12-08T15:34:46.219745Z,Tigre 28 | matias | ARBA | ,pagado
08f81263930ba46b5619680a5918d8a4c11ecf799438d3ed94da943817a9a7e2,2025-03-11,36500,3650000,ARS,,MI,PM,Contribucion,Impuestos,,761,2025-12-08T15:34:46.219745Z,Tigre 32 | matias | ARBA | ,pagado
f2031595aa793ad2ede08320b89bc0f526343177af036f0da1b0f88d4514a866,2025-03-11,36500,3650000,ARS,,PM,,Pagos,Impuestos,,762,2025-12-08T15:34:46.219745Z,Tigre 32 | matias | ARBA | ,pagado
cdcdc080c1e8dd83157c58ab289fdf7589be4016f40ed0a79d913a99d645b1dc,2025-03-11,32256.1,3225610,ARS,,PM,,Pagos,Impuestos,,763,2025-12-08T15:34:46.219745Z,Tigre 27 | matias | ARBA | ,pagado
386e9fdd3c5479c5405128850c1fbd43cea49994fc56840802d2e6f42b034c7d,2025-03-11,90000,9000000,ARS,,HH,MI,Repago,Prestamo,,764,2025-12-08T15:34:46.219745Z,CABA | Candela |  | ,pagado
23851084517da0857ada167742d943f42c8c093cfa3796b52981acecf3a222a6,2025-03-11,90000,9000000,ARS,,CANDE,HH,Contribucion,Contribuciones,,765,2025-12-08T15:34:46.219745Z,CABA | Candela |  | ,pagado
604184f5ff49db4d5c23f1f1c2a21f96354d2123d51344df345d01be31049f8e,2025-03-14,150000,15000000,ARS,,HH,MI,Repago,Prestamo,,766,2025-12-08T15:34:46.219745Z,CABA | Alen |  | ,pagado
0c7cbc4dee7e3980b4d8faeebe1d591f2d7548f509777a7e8f1eececb04b1fe2,2025-03-25,13869,1386900,ARS,,MI,HH,Contribucion,Servicio,,767,2025-12-08T15:34:46.219745Z,CABA |  | Internet | card,pagado
0548d45edb1c01c67abc3c5865df8c11a6d55feb4c1b2ce0ef3a3275b5bd8697,2025-04-22,14214,1421400,ARS,,MI,HH,Contribucion,Servicio,,768,2025-12-08T15:34:46.219745Z,CABA |  | Internet | card,pagado
8c7b21dfbbafa0afb8c83ed694ca62b5555fd594381c787c0955cebf0a971eb8,2025-03-25,13869,1386900,ARS,,HH,,Pagos,Servicio,,769,2025-12-08T15:34:46.219745Z,CABA |  | Internet | card,pagado
309cf2b0d678c3b2f825f9f5dd5fb97473950095b1cbbe43d1e3fa1f18f4fe29,2025-05-22,14913,1491300,ARS,,MI,HH,Contribucion,Servicio,,770,2025-12-08T15:34:46.219745Z,CABA |  | Internet | card,pagado
1bb10baa73df6e020fa94349b018a52a524008ff2e8d822804b859aed495f895,2025-03-31,65813.52,6581352,ARS,,HH,,Pagos,Servicio,,771,2025-12-08T15:34:46.219745Z,CABA | matias | Edenor | ,pagado
1a1a164fb61c998be36c306553b2b81cfd827cf854037fb5b8c74884639a7842,2025-06-23,15288,1528800,ARS,,MI,HH,Contribucion,Servicio,,772,2025-12-08T15:34:46.219745Z,CABA |  | Internet | card,pagado
3aac2885736edcf095ccb8fdbae2b887b080be202146fedbf44511c9e7631b3a,2025-03-31,62288,6228800,ARS,,HH,,Pagos,Servicio,,773,2025-12-08T15:34:46.219745Z,CABA | matias | Metrogas | card,pagado
79ecc6f80bf85f50e1d320524a5b35071fa0b818e751f3d77a994b1741a7dacc,2025-07-21,21396,2139600,ARS,,MI,HH,Contribucion,Servicio,,774,2025-12-08T15:34:46.219745Z,CABA |  | Internet | card,pagado
86cc91c441ea8a35ce93720d7c14577a49986f45dece7bb326e4deec620c5ea1,2025-08-21,22032,2203200,ARS,,MI,HH,Contribucion,Servicio,,775,2025-12-08T15:34:46.219745Z,CABA |  | Internet | card,pagado
3271b16ba71acb6bb6afa2171ac0a3370124ab2b17dde5c0619e8e01c626429a,2025-03-31,100000,10000000,ARS,,HH,,Pagos,Mantenimiento,,776,2025-12-08T15:34:46.219745Z,CABA | Destape |  | cash,pagado
b3352176aa9c182963b8fe053f704a59379ebd4eff990690e4ae629339e12d2e,2025-09-22,22688,2268800,ARS,,MI,HH,Contribucion,Servicio,,777,2025-12-08T15:34:46.219745Z,CABA |  | Internet | card,pagado
633753438a6ca0aaa579bf2ffe716e1a4bb189b240643ad332500be4e9ebfbe1,2025-04-01,154695,15469500,ARS,,PM,,Pagos,Servicio,,778,2025-12-08T15:34:46.219745Z,CABA | matias | AySA | ,pagado
053adac59c63b7f0e97fcc2b7bc3a7da0a2370ea9e4ed0303ce44a8a85acaf28,2025-10-21,23264,2326400,ARS,,MI,HH,Contribucion,Servicio,,779,2025-12-08T15:34:46.219745Z,CABA |  | Internet | card,pagado
ba311563523e9fab4093bfde4a0161308ecd7ef32033019c39436539d901626f,2025-04-10,2661425,266142500,ARS,,FB,,Transfer,Prestamo,,780,2025-12-08T15:34:46.219745Z, | Gastos Personales |  | ,pagado
4084822c5c26cca7f452ee155479fe88d17247ae238471a08256b032c7d99fe4,2025-11-25,23720,2372000,ARS,,MI,HH,Contribucion,Servicio,,781,2025-12-08T15:34:46.219745Z,CABA |  | Internet | card,pagado
91ad9380604c3d2ba1eeb45c031d936435d1b1dab9cf2727a1566fb987ff0240,2025-12-25,23720,2372000,ARS,,MI,HH,Contribucion,Servicio,,782,2025-12-08T15:34:46.219745Z,CABA |  | Internet | card,pagado
1493a660b4d31e76ef8a0bf9071a842364168bd23be9630cbcd6eb90b0be8fa3,2025-04-22,14214,1421400,ARS,,HH,,Pagos,Servicio,,783,2025-12-08T15:34:46.219745Z,CABA |  | Internet | card,pagado
0c802e98ca83c0b1fdfeabaf25cd1f092e222989f18f5d16e416add5af6e3724,2025-03-14,150000,15000000,ARS,,Alen,HH,Contribucion,Contribuciones,,784,2025-12-08T15:34:46.219745Z,CABA | Alen |  | ,pagado
17a759e86ad9f1c1a9559960c72bc9a5521449c2d9f8533a2b51cb52b36cc77e,2025-04-29,193350.31,19335031,ARS,,PM,,Pagos,Impuestos,,785,2025-12-08T15:34:46.219745Z,CABA | matias | ABL | ,pagado
613bc94e78381e2a5ba91c3fa5d2664586d5389c48899b8319fa03b6db0cff1e,2025-03-18,60000,6000000,ARS,,HH,MI,Repago,Prestamo,,786,2025-12-08T15:34:46.219745Z,CABA | Candela |  | ,pagado
8f9f5dd1b4b581ff119921a9d6e1d045514db5676a07896908ac1607480d10d6,2025-03-18,60000,6000000,ARS,,CANDE,HH,Contribucion,Contribuciones,,787,2025-12-08T15:34:46.219745Z,CABA | Candela |  | ,pagado
930f77f5ca02ae09eb5fc1163858bfc824e363145e515d1bf95c60280fc47c31,2025-03-20,117000,11700000,ARS,,PM,PM,Contribucion,Impuestos,,788,2025-12-08T15:34:46.219745Z,CABA | Juan Chino | AySA | ,pagado
f2469147270f97ec06488208b8bc7c3a87b9f7a8bf889be68c507e21290743ef,2025-03-20,300,30000,USD,,PM,MI,Repago,Prestamo,,789,2025-12-08T15:34:46.219745Z, | Matias 25 |  | ,pagado
22375f6f1495010c59bfcdca3a5102778caa96cfe5edcbe46c8b35c6e7a3d157,2025-03-31,76116,7611600,ARS,,PM,PM,Pagos x Inq,Impuestos,,790,2025-12-08T15:34:46.219745Z,Tigre 01 | vazquez | Tigre | ,pagado
fb8b62c78b7b82e7335571995de38e7f540bfd8c8a282428dc912822f5b1ec6e,2025-03-31,59785,5978500,ARS,,PM,PM,Pagos x Inq,Impuestos,,791,2025-12-08T15:34:46.219745Z,Tigre 32 | correa | Tigre | ,pagado
1b744d725bb65352d9cd11f9438c720527119aac437779287b267630e719020b,2025-03-31,65813.52,6581352,ARS,,MI,HH,Contribucion,Servicio,,792,2025-12-08T15:34:46.219745Z,CABA | matias | Edenor | ,pagado
68a70b590fc59d0ab1cbc07231c927a510ec0b92050a3adca006ff3c1e16ed29,2025-05-09,2274665,227466500,ARS,,FB,,Transfer,Prestamo,,793,2025-12-08T15:34:46.219745Z, | Gastos Personales |  | ,pagado
6c367a6b36d5ad4a6928518e93b49c49f55bc0245c2c128cc8a59e38bf7baea6,2025-05-12,25674.37,2567437,ARS,,HH,,Pagos,Servicio,,794,2025-12-08T15:34:46.219745Z,CABA | matias | Edenor | ,pagado
cb09fa9423ca82f82eefdecac1750ce743651933231890fe8229edbeecc849df,2025-05-14,157120,15712000,ARS,,PM,,Pagos,Servicio,,795,2025-12-08T15:34:46.219745Z,CABA | matias | AySA | ,pagado
6aabe22a51066ef88e7cc9091261bd21737e44dac55a1811a1fadd0bf4e9da69,2025-03-31,62288,6228800,ARS,,MI,HH,Contribucion,Servicio,,796,2025-12-08T15:34:46.219745Z,CABA |  | Metrogas | card,pagado
5d18d00f3ba27bc32f45886275c56e6ea522813e120807e8b1abe616bd5ea56b,2025-03-31,35000,3500000,ARS,,Alen,HH,Contribucion,Mantenimiento,,797,2025-12-08T15:34:46.219745Z,CABA | Destape |  | cash,pagado
42ba20d6e59f8ba1784215729b2a79994a54f956f0f69ff2ed82c75087ca39d6,2025-03-31,15000,1500000,ARS,,MI,HH,Contribucion,Mantenimiento,,798,2025-12-08T15:34:46.219745Z,CABA | Destape |  | cash,pagado
dd2b7b8f2c6bcb1b531a5c24df4519fb0b6a71f7e2d605977b7edf44d6a252fa,2025-04-01,154695,15469500,ARS,,MI,HH,Contribucion,Servicio,,799,2025-12-08T15:34:46.219745Z,CABA | matias | AySA | ,pagado
5b7b2d94f1e3b74d37e3aad7084a4df8da030e1282fa1a114a453b497266498d,2025-04-01,154695,15469500,ARS,,HH,PM,Contribucion,Servicio,,800,2025-12-08T15:34:46.219745Z, |  | AySA | ,pagado
1dc5f2569eca0177b708a9119c39d30c45534d522e19ee5f453867ad7772d1b6,2025-05-15,278300,27830000,ARS,,FB,,Pagos,Impuestos,,801,2025-12-08T15:34:46.219745Z,Tigre 01 | deuda 24 ppal alej | Tigre | ,pagado
9acc7088d7c0d4139751622cff225dec742223e373c6f0643640baeddf90a2bc,2025-04-08,50000,5000000,ARS,,Inq,FB,Contrib x Inq,Contribuciones,,802,2025-12-08T15:34:46.219745Z,Tigre 01 | Inmobiliaria |  | ,pagado
363aa1ebf6bbf73b006ff3cc3acddf64ea5a9576d4b7a0ff35fef3f136409409,2025-05-15,97700,9770000,ARS,,FB,,Pagos,Impuestos,,803,2025-12-08T15:34:46.219745Z,Tigre 01 | deuda 24 interes alej | Tigre | ,pagado
274b6cf6198dafc629482dc546bedb860076abafb060815bae4111171645b083,2025-04-10,150000,15000000,ARS,,,FB,Cobros,Renta,,804,2025-12-08T15:34:46.219745Z,Tigre 01 | Kiosco Mutuo |  | ,pagado
88c42c13dd629b44e73bb8e618226e3f0fc869ba1a2d9759ee47ee869e619466,2025-04-10,161425,16142500,ARS,,,FB,Cobros,Renta,,805,2025-12-08T15:34:46.219745Z,Tigre 01 | Remiseria |  | ,pagado
53c680c1ade03920077f8858984601e8433aee82c7280084ac09076083cd6b77,2025-04-10,1000000,100000000,ARS,,,FB,Cobros,Renta,,806,2025-12-08T15:34:46.219745Z,Tigre 01 | Vidriero |  | ,pagado
0307b86845e9c3110c96d14f2ceffcf6ad7ed446e73692c1ea1e791811644dd4,2025-04-10,200000,20000000,ARS,,,FB,Cobros,Renta,,807,2025-12-08T15:34:46.219745Z,Tigre 28 | Chino |  | ,pagado
c8f9493ae21f30f94216e7697e485257bef9eab9c47b2f9ec24040122e7e628c,2025-04-10,300000,30000000,ARS,,,FB,Cobros,Renta,,808,2025-12-08T15:34:46.219745Z,Tigre 28 | Hualpa Ropa |  | ,pagado
7387444a9ae76e0e3b38b43de0534aff3efcb2bacd936f50fdaf5ab839fa7aae,2025-04-10,350000,35000000,ARS,,,FB,Cobros,Renta,,809,2025-12-08T15:34:46.219745Z,Tigre 28 | Correa |  | ,pagado
9adb17260e3f33be15adbf86f217aba5d19317bc366b739de82a47979bb8dd5f,2025-04-10,400000,40000000,ARS,,,FB,Cobros,Renta,,810,2025-12-08T15:34:46.219745Z,Tigre 32 | Taipe |  | ,pagado
2e162461388f26c2933c65fbb6d3a9fc7727e483188fed7428d390de87c71adc,2025-04-10,100000,10000000,ARS,,,FB,Cobros,Renta,,811,2025-12-08T15:34:46.219745Z,Tigre 32 | Tecnico |  | ,pagado
ecc9990117965979b50bf328ad2937ecd4e6a7d271326f5fefeccf52833acb29,2025-04-10,380,38000,USD,,,PM,Cobros,Renta,,812,2025-12-08T15:34:46.219745Z,CABA | Chino Juan |  | ,pagado
df2a7e0358b1e088abe7d5ac31e9bae6b88e18d4efed206770bbbe5da84631eb,2025-05-15,59785,5978500,ARS,,FB,,Pagos,Impuestos,,813,2025-12-08T15:34:46.219745Z,Tigre 32 | inmo | Tigre | ,pagado
57f80987e2e042065201a243444592524197698d051d5fa2871c84860825712b,2025-04-29,193350.31,19335031,ARS,,MI,HH,Contribucion,Impuestos,,814,2025-12-08T15:34:46.219745Z,CABA | matias | ABL | ,pagado
de18d9ca46d56a14e4184443b95b4cd27f2cf6083af2d22d9936b8d8589e149a,2025-05-15,50975,5097500,ARS,,FB,,Pagos,Impuestos,,815,2025-12-08T15:34:46.219745Z,Tigre 32 | Plan 1/5 | Tigre | ,pagado
2f3db95d750131708c6b87b1e3c38ce42df989da986b003bdaa6f3a6d881458d,2025-05-01,300,30000,USD,,PM,MI,Repago,Prestamo,,816,2025-12-08T15:34:46.219745Z, | Matias 25 |  | ,pagado
d8a31e9a677718139d13b1feedf324516110b76c0483ecd791fb4c5718c429a0,2025-05-05,182074,18207400,ARS,,PM,PM,Pagos x Inq,Impuestos,,817,2025-12-08T15:34:46.219745Z,CABA | Juan Chino | ABL | ,pagado
b92898104b22aab1106039036138fbe97815b7f6bdf320c05cc475f0bd04c289,2025-05-08,50000,5000000,ARS,,Inq,FB,Contrib x Inq,Contribuciones,,818,2025-12-08T15:34:46.219745Z,Tigre 01 | Inmobiliaria |  | ,pagado
8102eaf9ac2942471a538ed0469a44cbbb4bee9d0f842ad8606de780adeca760,2025-05-09,150000,15000000,ARS,,,FB,Cobros,Renta,,819,2025-12-08T15:34:46.219745Z,Tigre 01 | Kiosco Mutuo |  | ,pagado
db46258e1d16d972691b010368c0b9c255dd42710a363b58cd96ca5c4ccecb6a,2025-05-09,161425,16142500,ARS,,,FB,Cobros,Renta,,820,2025-12-08T15:34:46.219745Z,Tigre 01 | Remiseria |  | ,pagado
0dc223443ecf80d006ae1a44a2da9d3459d0de1143c3ecb65d4790152a399b41,2025-05-09,1000000,100000000,ARS,,,FB,Cobros,Renta,,821,2025-12-08T15:34:46.219745Z,Tigre 01 | Vidriero |  | ,pagado
ce918bb6074e4c92fa3574507965711723e4afbf4623a1a7a717236dc60e3479,2025-05-09,300000,30000000,ARS,,,FB,Cobros,Renta,,822,2025-12-08T15:34:46.219745Z,Tigre 28 | Hualpa Ropa |  | ,pagado
d5471d04aa463081ce0ffc1af10d29a1b25a586972298beb3756cf1443dd7b01,2025-05-09,350000,35000000,ARS,,,FB,Cobros,Renta,,823,2025-12-08T15:34:46.219745Z,Tigre 32 | Correa |  | ,pagado
6bf2fe9989f695ff559983ca51a0015d542db5bfde484a795d87c29b16465b05,2025-05-09,400000,40000000,ARS,,,FB,Cobros,Renta,,824,2025-12-08T15:34:46.219745Z,Tigre 32 | Taipe |  | ,pagado
1649ac6d44822e4c2d7671facc31edae80278779ac6f92aa16ed230e0d650869,2025-05-09,200000,20000000,ARS,,,FB,Cobros,Renta,,825,2025-12-08T15:34:46.219745Z,Tigre 32 | Tecnico |  | ,pagado
79554b552f38be4569d456dfedb7f45e1f3e42723a091fa545f3090f4d021a15,2025-05-09,380,38000,USD,,,PM,Cobros,Renta,,826,2025-12-08T15:34:46.219745Z,CABA | Chino Juan |  | ,pagado
e8950e18ebce3d8b8bed4314a006f5c33e0485b9bda6d494c5ffdf85b20fd118,2025-05-10,200000,20000000,ARS,,,FB,Cobros,Renta,,827,2025-12-08T15:34:46.219745Z,Tigre 28 | Chino |  | ,pagado
532c8a62a868be31dab8fab39633afa4c16db6dcf91450d71d56826c2cb2ea64,2025-05-12,25674.37,2567437,ARS,,MI,HH,Contribucion,Servicio,,828,2025-12-08T15:34:46.219745Z,CABA | matias | Edenor | ,pagado
7e54f7a1e410b7d805125af0dc2e95bfc994ee74d00191676fb3abe7781c1190,2025-05-22,14913,1491300,ARS,,HH,,Pagos,Servicio,,829,2025-12-08T15:34:46.219745Z,CABA |  | Internet | card,pagado
0506463a36662043b10c437835ed77b45e681dd2aa8d89c57a634254f03ecd96,2025-05-12,150000,15000000,ARS,,Alen,HH,Contribucion,Contribuciones,,830,2025-12-08T15:34:46.219745Z,CABA | Alen |  | ,pagado
02f16d5bc0cdc8ab84f4a5f12ce7f2b238c5fbcaed845b472b7caf905cc408ed,2025-05-13,66000,6600000,ARS,,PM,PM,Contribucion,Impuestos,,831,2025-12-08T15:34:46.219745Z,Tigre 32 | Tecnico | Tigre | ,pagado
99cf23ad331076d5c89f3ebe7522fbf5d2517cad48891d54e8c1e309118206c6,2025-05-14,157120,15712000,ARS,,MI,HH,Contribucion,Servicio,,832,2025-12-08T15:34:46.219745Z,CABA | matias | AySA | ,pagado
f38a3a0b3eecf1a421809db239a02f892255ab4c1a0dbf62f92748fb5d83430b,2025-05-14,157120,15712000,ARS,,HH,PM,Contribucion,Servicio,,833,2025-12-08T15:34:46.219745Z,CABA | matias | AySA | ,pagado
4f2dda7b4dcc2d093750693f72abf340bcb5b269a31e04e1759b124078a9e80d,2025-05-26,10985.84,1098584,ARS,,HH,,Pagos,Servicio,,834,2025-12-08T15:34:46.219745Z,CABA | matias | Edenor | ,pagado
5d2aab48cf5672a2946ac5cdef8db5f57cecfee02475a1277bd48906e1be76e3,2025-05-15,76116,7611600,ARS,,PM,PM,Pagos x Inq,Impuestos,,835,2025-12-08T15:34:46.219745Z,Tigre 01 | Vidriero | Tigre | ,pagado
45692539991a7d9f6886edb974b694270a1ff78814f47411b9621fbc65471252,2025-06-05,65000,6500000,ARS,,FB,,Pagos,Impuestos,,836,2025-12-08T15:34:46.219745Z,Tigre 32 | alejandro 25-2 + recargo | Tigre | ,pagado
216869ddeca7ad5a8373e68c980885108dc8845cf41f7c0c784728f301fbd9b7,2025-06-05,193350.31,19335031,ARS,,FB,,Pagos,Impuestos,,837,2025-12-08T15:34:46.219745Z,CABA | primos | ABL | ,pagado
4905a3c0c84650d3dd13d9fe9530c464fab4bfd7973864668791b05479d1895d,2025-06-05,250000,25000000,ARS,,FB,,Pagos,Impuestos,,838,2025-12-08T15:34:46.219745Z,Tigre 28 | alejandro | Tigre | ,pagado
052226b09a71606caca2eb30790d5e319b437e2a14f798bb00eb0d58a0514aa7,2025-06-07,25000,2500000,ARS,,FB,,Pagos,Servicio,,839,2025-12-08T15:34:46.219745Z,Tigre 01 | Inmobiliaria |  | ,pagado
a8ef67abb591a019de8f90957ae36cd7f3b12a2b6521b36696e2dedd355292de,2025-06-10,2034000,203400000,ARS,,FB,,Transfer,Prestamo,,840,2025-12-08T15:34:46.219745Z, | Gastos Personales |  | ,pagado
6b26a22211b78b387f4cb5201508c59891159b11f78ed700c92142c4be5fd7c5,2025-06-16,50975,5097500,ARS,,FB,,Pagos,Impuestos,,841,2025-12-08T15:34:46.219745Z,Tigre 32 | Plan 2/5 | Tigre | ,pagado
218a0ca9ac51e325807fce3013adf5f5c5a8fcb2f09ecaf223d024cf33c6c8c5,2025-05-26,10985.84,1098584,ARS,,MI,HH,Contribucion,Servicio,,842,2025-12-08T15:34:46.219745Z,CABA | matias | Edenor | ,pagado
cfcbcaadf726f255bd4de13713f0ef7e473369f3fa169f27bd309b430399416c,2025-06-04,47672,4767200,ARS,,Hector,PM,Contribucion,Impuestos,,843,2025-12-08T15:34:46.219745Z,CABA | primos | AySA | ,pagado
e2959a0d662a416fede32f87f97982e29c22d741860f68ba7ee8134f3d60a94e,2025-06-05,193350.31,19335031,ARS,,Hector,FB,Contribucion,Impuestos,,844,2025-12-08T15:34:46.219745Z,CABA | primos | ABL | ,pagado
444c59b65a7c7aa342dba28de9f8ea3c9e6f014f983b1981f52704f12439e46a,2025-06-23,15288,1528800,ARS,,HH,,Pagos,Servicio,,845,2025-12-08T15:34:46.219745Z,CABA |  | Internet | card,pagado
3db5bdc2db7be11fd837ddfeb892d09a0d3c507cc94d311ac6552efae4e6fafd,2025-06-25,88979.3,8897930,ARS,,PM,,Pagos,Impuestos,,846,2025-12-08T15:34:46.219745Z,Tigre 32 | matias | ARBA | ,pagado
a6812634eeb4978992052c2f65aed3169fc1a373656a8dd05a618ac00fbf66a6,2025-06-30,12122.51,1212251,ARS,,HH,,Pagos,Servicio,,847,2025-12-08T15:34:46.219745Z,CABA | matias | Edenor | card,pagado
d580791d2bb9d6032e7188e16b03e30540ff39f623e86650da9c76ea5a8d548c,2025-06-30,116244,11624400,ARS,,HH,,Pagos,Servicio,,848,2025-12-08T15:34:46.219745Z,CABA | matias | Metrogas | card,pagado
abab8a11015022ae665b7aff4b2964a4cd98c07d71b81300dd6c60fcef99da84,2025-06-10,335000,33500000,ARS,,,PM,Cobros,Renta,,849,2025-12-08T15:34:46.219745Z,Tigre 01 | Remiseria |  | ,pagado
a5aa34e304bb5fcf45ab81e651cce0441d4cdaaffbaff1efe72a427175128f35,2025-06-10,150000,15000000,ARS,,,FB,Cobros,Renta,,850,2025-12-08T15:34:46.219745Z,Tigre 01 | Kiosco Mutuo |  | ,pagado
0ec384d17d168afb7335afb6f4fb2b010f24fa235d15251c0559ad2087e417a0,2025-06-10,1000000,100000000,ARS,,,FB,Cobros,Renta,,851,2025-12-08T15:34:46.219745Z,Tigre 01 | Vidriero |  | ,pagado
b5719616774dd8c45b8a9e872d3798b01047aefd92f73cd169ee11560e2ec157,2025-06-10,0,0,ARS,,,FB,Cobros,Renta,,852,2025-12-08T15:34:46.219745Z,Tigre 28 | VAC - 28 |  | ,pagado
e1be74f71d5a45d4eaf26b7114b4f3ba73995b2a66407eca6ed9dcc5b3c2c02b,2025-06-10,300000,30000000,ARS,,,FB,Cobros,Renta,,853,2025-12-08T15:34:46.219745Z,Tigre 28 | Hualpa Ropa |  | ,pagado
58e38feac8e978e61f91d2bc46ddd4f41e1648983b8774d7aa195af2a55633e1,2025-06-10,350000,35000000,ARS,,,FB,Cobros,Renta,,854,2025-12-08T15:34:46.219745Z,Tigre 32 | Correa |  | ,pagado
c98732b36cfe80d140fd189ba19ed157d57acd212d6971456ea03e7501790864,2025-06-10,400000,40000000,ARS,,,FB,Cobros,Renta,,855,2025-12-08T15:34:46.219745Z,Tigre 32 | Taipe |  | ,pagado
3fb9f00e43babdec430af38340f02cb0f6f658a11283dcea243b873de943bc50,2025-06-10,200000,20000000,ARS,,,FB,Cobros,Renta,,856,2025-12-08T15:34:46.219745Z,Tigre 32 | Tecnico |  | ,pagado
1f3e3c316bb16767de8c012bd38e73dd0f1c417227d5ebbf386a09666244952e,2025-06-10,380,38000,USD,,,PM,Cobros,Renta,,857,2025-12-08T15:34:46.219745Z,CABA | Chino Juan |  | ,pagado
4b844ba53d1d8f28d7e77bd21514cb0433f1827944b73e653c5a5bc7eac8be2c,2025-07-04,213103,21310300,ARS,,PM,,Pagos,Impuestos,,858,2025-12-08T15:34:46.219745Z,CABA | matias | ABL | ,pagado
ba24b7f241dd4c022fa5e3d64044264f02fe34209fe1ef0dfe771f43499bcfe0,2025-06-17,81468,8146800,ARS,,PM,PM,Pagos x Inq,Impuestos,,859,2025-12-08T15:34:46.219745Z,Tigre 01 | vazquez | Tigre | ,pagado
fec7470627e169175535ce9fa335ef0257d5cd1d040257ccbaa7ea3ba8e44668,2025-07-08,25000,2500000,ARS,,FB,,Pagos,Servicio,,860,2025-12-08T15:34:46.219745Z,Tigre 01 | Inmobiliaria |  | ,pagado
1a9b35f08eca78978f6dd842bf693c8d5a1c07119b1d1ffd634360286ad36f7b,2025-07-10,2400000,240000000,ARS,,FB,,Transfer,Prestamo,,861,2025-12-08T15:34:46.219745Z, | Gastos Personales |  | ,pagado
834e704b2971eb6c9d89b6f75a395c90f1432ef8c6474b9c3b98650daad2f9f4,2025-06-25,88979.3,8897930,ARS,,MI,PM,Contribucion,Impuestos,,862,2025-12-08T15:34:46.219745Z,Tigre 32 | matias | ARBA | ,pagado
aa025f6fe36f97c1dbabed37ceb652cc83633716ca000cbb2b3f91a22c94bca7,2025-06-30,12122.51,1212251,ARS,,MI,HH,Contribucion,Servicio,,863,2025-12-08T15:34:46.219745Z,CABA | matias | Edenor | card,pagado
5fe34b2bdc1d607b68ed89d0be0edc55b4ff74abdbe7a00944e9bb88cab12649,2025-07-15,50975,5097500,ARS,,FB,,Pagos,Impuestos,,864,2025-12-08T15:34:46.219745Z,Tigre 32 | Plan 3/5 | Tigre | ,pagado
d9f1de8689188700231284a42477f662991ed0f6c0bc2f7054471d2ecdce12c8,2025-06-30,116244,11624400,ARS,,MI,HH,Contribucion,Servicio,,865,2025-12-08T15:34:46.219745Z,CABA | matias | Metrogas | card,pagado
6151793d5403ca18686e26c43d30ae48409bc6128756659ccf5b18716e954673,2025-07-04,213103,21310300,ARS,,MI,HH,Contribucion,Impuestos,,866,2025-12-08T15:34:46.219745Z,CABA | matias | ABL | ,pagado
fdf02c2fc0f86ca399201775c53af4bb41782287644becbb857bc089b7c18c81,2025-07-21,21396,2139600,ARS,,HH,,Pagos,Servicio,,867,2025-12-08T15:34:46.219745Z,CABA |  | Internet | card,pagado
18022c002f69ee8bd96acb2fe3b002f2d8cc6d59a4598c8b64b251eb8f56a3b4,2025-08-08,25000,2500000,ARS,,FB,,Pagos,Servicio,,868,2025-12-08T15:34:46.219745Z,Tigre 01 | Inmobiliaria |  | ,pagado
915f615173a75da6b5cc6faeea76b3d2198f3db58b016191c573028e6e0455ad,2025-08-08,199303.32,19930332,ARS,,HH,,Pagos,Servicio,,869,2025-12-08T15:34:46.219745Z,CABA | matias | Edenor | ,pagado
a724aa7ab6fc565064382372404c7c507ae3d7697a8003e91ae89d01169aa8b6,2025-07-10,335000,33500000,ARS,,,PM,Cobros,Renta,,870,2025-12-08T15:34:46.219745Z,Tigre 01 | Remiseria |  | ,pagado
17c3852467b3b06b95954dddcf9c48713dd131f15e8df2e2e125b560ad8ae429,2025-07-10,150000,15000000,ARS,,,FB,Cobros,Renta,,871,2025-12-08T15:34:46.219745Z,Tigre 01 | Kiosco Mutuo |  | ,pagado
011569ae33e9cbafa01c1ce4dcdebc0951e70cfa0126c621a37e4ff9bc15d9ca,2025-07-10,1000000,100000000,ARS,,,FB,Cobros,Renta,,872,2025-12-08T15:34:46.219745Z,Tigre 01 | Vidriero |  | ,pagado
58038b2cedd090bb5013393b570c9140cf4d11eb6b0cd9dd2a62c9edf14ebb73,2025-07-10,0,0,ARS,,,FB,Cobros,Renta,,873,2025-12-08T15:34:46.219745Z,Tigre 28 | VAC - 28 |  | ,pagado
f9659a51e340c742593d1249fba25f54c30244aaed3d5a7200df66c9f5d86af5,2025-07-10,300000,30000000,ARS,,,FB,Cobros,Renta,,874,2025-12-08T15:34:46.219745Z,Tigre 28 | Hualpa Ropa |  | ,pagado
f415ef0455f40360b36d570a006c9e52576d0735e765acd4e9f9721246dc5086,2025-07-10,350000,35000000,ARS,,,FB,Cobros,Renta,,875,2025-12-08T15:34:46.219745Z,Tigre 32 | Correa |  | ,pagado
6030629d47bf9445851ba23ccb499ea0736fc08dd64b184307fe3fc045f498dc,2025-07-10,400000,40000000,ARS,,,FB,Cobros,Renta,,876,2025-12-08T15:34:46.219745Z,Tigre 32 | Taipe |  | ,pagado
6976a49202b7f6f82137d01981ab3c779582b2d26ca98a530d80bd9537d36cb0,2025-07-10,200000,20000000,ARS,,,FB,Cobros,Renta,,877,2025-12-08T15:34:46.219745Z,Tigre 32 | Tecnico |  | ,pagado
3c20f16cdc4dd7b868b03949b14d81d8e423689e5db23b9087fc532554dee6af,2025-07-10,380,38000,USD,,,PM,Cobros,Renta,,878,2025-12-08T15:34:46.219745Z,CABA | Chino Juan |  | ,pagado
632d5378fd243a2b99829792a47e723846b40a3519bdd19bee9d19f0ecd3be35,2025-08-10,3750000,375000000,ARS,,FB,,Transfer,Prestamo,,879,2025-12-08T15:34:46.219745Z, | Gastos Personales |  | ,pagado
7b80597a192bcaab4906fe59fb1d13401c189ac243bc1ac53a095d0b68c2dcf3,2025-07-15,87195,8719500,ARS,,FB,FB,Pagos x Inq,Impuestos,,880,2025-12-08T15:34:46.219745Z,Tigre 01 | Vidriero | Tigre | ,pagado
1b97fcb5d22dc8b3e8e95e0ed95654128c9e9fb885fdf6b19f67453d61307341,2025-08-11,42613,4261300,ARS,,PM,,Pagos,Impuestos,,881,2025-12-08T15:34:46.219745Z,Tigre 32 | matias | ARBA | ,pagado
2cc7bb2bf70e793213291fdbe926cdc339a8bcbeccbcd7e8a3a54be42b42edcc,2025-07-15,59785,5978500,ARS,,PM,PM,Pagos x Inq,Impuestos,,882,2025-12-08T15:34:46.219745Z,Tigre 32 | correa | Tigre | ,pagado
f50eefbdaa4fac18b8164beb53615b712120a38c7790b200aaa623cc0644f3ba,2025-08-11,57085.31,5708531,ARS,,HH,,Pagos,Servicio,,883,2025-12-08T15:34:46.219745Z,CABA | matias | Metrogas | ,pagado
1bde0cc58383f47d31e1c3b7ec4ca58d42f9d7aeee39b04b510149e07249c542,2025-07-18,50000,5000000,ARS,,HH,MI,Repago,Prestamo,,884,2025-12-08T15:34:46.219745Z,CABA | Candela |  | ,pagado
127a867737001b75c76113867e3555e5bda6f3ae17a110cdd8e63916bd82bc64,2025-07-18,30000,3000000,ARS,,HH,MI,Repago,Prestamo,,885,2025-12-08T15:34:46.219745Z,CABA | Candela |  | ,pagado
67832112ce11c7d8bdfd9e6f2186471b7f16380bc4b7e5d1ea1aaa63ba8e293e,2025-07-18,50000,5000000,ARS,,CANDE,HH,Contribucion,Contribuciones,,886,2025-12-08T15:34:46.219745Z,CABA | Candela |  | ,pagado
f9413a8e30fd61ee4690c4c5eb39991f9023efcb5fb1c86f87db4a90206b0ed6,2025-07-18,30000,3000000,ARS,,CANDE,HH,Contribucion,Contribuciones,,887,2025-12-08T15:34:46.219745Z,CABA | Candela |  | ,pagado
5c6d7ca2b9fda7dd6004118bb5bcb6b61458299db09460a3d128a87ad43da745,2025-07-22,80000,8000000,ARS,,HH,MI,Repago,Prestamo,,888,2025-12-08T15:34:46.219745Z,CABA | Candela |  | ,pagado
41fbcd00be652ba2b8a269ceba5516a0535851dd85fb4977b1736a19c74a089b,2025-07-22,80000,8000000,ARS,,CANDE,HH,Contribucion,Contribuciones,,889,2025-12-08T15:34:46.219745Z,CABA | Candela |  | ,pagado
7c1f2ce29c1f4f8d22a7ff3338ae57637f98c264a74fc7dfa4a613a5e4229b12,2025-08-04,263557.04,26355704,ARS,,PM,PM,Pagos x Inq,Impuestos,,890,2025-12-08T15:34:46.219745Z,CABA | Juan Chino | ABL | ,pagado
5a7a7880150faae9eeeb31765af3a92627f3a352c7cd0f024888bb0b2a24af11,2025-08-04,44400,4440000,ARS,,PM,PM,Contribucion,Impuestos,,891,2025-12-08T15:34:46.219745Z,CABA | Juan Chino | AySA | ,pagado
397a44d445c23b9a0fee47b2a0a9259b13dd0d87bceaba4b7ee910d126dcb82c,2025-08-13,147000,14700000,ARS,,PM,,Pagos,Legal,,892,2025-12-08T15:34:46.219745Z,Tigre 27 | CD Lote 27 |  | ,pagado
9018a680c7a800026ba2adb543bcc37e2241dbbbe1aca3bca7c1b90af1a2c40b,2025-08-08,199303.32,19930332,ARS,,MI,HH,Contribucion,Servicio,,893,2025-12-08T15:34:46.219745Z,CABA | matias | Edenor | ,pagado
b1c29f41987f4cf774b4591533043d63e6810777d1a8b0dee1f233586cae7464,2025-08-08,700000,70000000,ARS,,,FB,Cobros,Renta,,894,2025-12-08T15:34:46.219745Z,Tigre 01 | Kiosco Mutuo |  | ,pagado
f56bbd2c58cd22507ef5fa147085fe2763d1c3c9ed9de1d9721a19f3d9b1b137,2025-08-08,1000000,100000000,ARS,,,FB,Cobros,Renta,,895,2025-12-08T15:34:46.219745Z,Tigre 01 | Vidriero |  | ,pagado
33432e64a81d7cc105a82820debd22d3f541b527cfe6a7e36a44c0ac9180b309,2025-08-08,300000,30000000,ARS,,,FB,Cobros,Renta,,896,2025-12-08T15:34:46.219745Z,Tigre 28 | Hualpa Ropa |  | ,pagado
f33fed23bdf8dff2f7241ff2bb1bdc103db3463b0f7a62e9158622165f0e4ea4,2025-08-08,350000,35000000,ARS,,,FB,Cobros,Renta,,897,2025-12-08T15:34:46.219745Z,Tigre 32 | Correa |  | ,pagado
c328b1ea02acff6546d927f39f2cb89942c1dd1bb4ce65451caee2afde0fe55b,2025-08-08,400000,40000000,ARS,,,FB,Cobros,Renta,,898,2025-12-08T15:34:46.219745Z,Tigre 32 | Taipe |  | ,pagado
48f3024bfe21cfd89e14f4fc5befb2a99522d4b08b612620272bdd496aeaa98f,2025-08-08,200000,20000000,ARS,,,FB,Cobros,Renta,,899,2025-12-08T15:34:46.219745Z,Tigre 32 | Tecnico |  | ,pagado
f94a19ca7965497442af38952aba6181349f845c848620962e51aa9db590ee32,2025-08-15,50971,5097100,ARS,,FB,,Pagos,Impuestos,,900,2025-12-08T15:34:46.219745Z,Tigre 32 | Plan 4/5 | Tigre | ,pagado
736494dffb2e1a6810fc162249a9f3d03d6617eb0ade457b32f33ab4b6408619,2025-08-10,800000,80000000,ARS,,,FB,Cobros,Renta,,901,2025-12-08T15:34:46.219745Z,Tigre 28 | Mascotas |  | ,pagado
c4785603fbf97d4a8dc0ea45b6a8d3c51422a9d41ca2a7811ce4d9fa198e4615,2025-08-10,380,38000,USD,,,PM,Cobros,Renta,,902,2025-12-08T15:34:46.219745Z,CABA | Chino Juan |  | ,pagado
2f5042dfc8e3a6fdf4acd223a8a85af459882338ba5cea75ba0a717b1901a92d,2025-08-11,57085.31,5708531,ARS,,MI,HH,Contribucion,Servicio,,903,2025-12-08T15:34:46.219745Z,CABA | matias | Metrogas | ,pagado
d3feabf83a580122877ae47e340a20b3ad0060c05b2feeb23ce15c4d830eb0ed,2025-08-21,22032,2203200,ARS,,HH,,Pagos,Servicio,,904,2025-12-08T15:34:46.219745Z,CABA |  | Internet | card,pagado
93c9a31e395b786a39b4f6767f15254052aa23b88128c1d8a1d0ae0cf0e1e1a2,2025-08-11,42613,4261300,ARS,,MI,PM,Contribucion,Impuestos,,905,2025-12-08T15:34:46.219745Z,Tigre 32 | matias | ARBA | ,pagado
2091ffd3887dedcfcd590599587d88c8c8439de2041d6e7be5bfba1f6a7c1170,2025-09-02,38044.42,3804442,ARS,,HH,,Pagos,Servicio,,906,2025-12-08T15:34:46.219745Z,CABA | matias | Metrogas | ,pagado
3b339a8fe5053081c423dd19e71e286f1e2c58eb14e24bb5e00b0ed99d863985,2025-08-15,87195,8719500,ARS,,PM,PM,Pagos x Inq,Impuestos,,907,2025-12-08T15:34:46.219745Z,Tigre 01 | Vidriero | Tigre | ,pagado
bcf31f58328399359bf8a3d037ebf295490451d4601c3769c760c054e637e0f0,2025-08-15,56196,5619600,ARS,,PM,PM,Pagos x Inq,Impuestos,,908,2025-12-08T15:34:46.219745Z,Tigre 28 | mascotas | Tigre | ,pagado
34c7a1160352a7f068f8cce40faa76778b97a9c7eac22aabf5d003c90852e70f,2025-09-04,210638.58,21063858,ARS,,HH,,Pagos,Servicio,,909,2025-12-08T15:34:46.219745Z,CABA | matias | Edenor | ,pagado
9d7b416aa1f7e775d54f686ad41b8c76309cc9b15f2acecc9a79eb1fe21a8a3f,2025-09-05,237509.35,23750935,ARS,,FB,,Pagos,Impuestos,,910,2025-12-08T15:34:46.219745Z,CABA | primos | ABL | ,pagado
a551917bb7fbb40970c4f83eb2d4c08e306d1a6fd26e59e86a57bffb815622a0,2025-08-19,335000,33500000,ARS,,,PM,Cobros,Renta,,911,2025-12-08T15:34:46.219745Z,Tigre 01 | Remiseria |  | ,pagado
4177e7ad2e1c4a07027b99dfb8b415b511472c71ab4fa77438ffe84dd96a6385,2025-09-02,38044.42,3804442,ARS,,MI,HH,Contribucion,Servicio,,912,2025-12-08T15:34:46.219745Z,CABA | matias | Metrogas | ,pagado
a816517016606e0a00ce302e064af60e25e35d31b76e195160c5d8c57ff12c2d,2025-09-10,25000,2500000,ARS,,FB,,Pagos,Servicio,,913,2025-12-08T15:34:46.219745Z,Tigre 01 | Inmobiliaria |  | ,pagado
b257f1546532f6a21f5796f59e687fc194994ca9a177ad794ec0311c956d4072,2025-09-04,210638.58,21063858,ARS,,MI,HH,Contribucion,Servicio,,914,2025-12-08T15:34:46.219745Z,CABA | matias | Edenor | ,pagado
9bb4986b89c04764b6c85d9f5c603c8de0f3197b9a19cb2e6f4bba6e68b66da7,2025-09-10,3750000,375000000,ARS,,FB,,Transfer,Prestamo,,915,2025-12-08T15:34:46.219745Z, | Gastos Personales |  | ,pagado
bb37476a20bcdf5ee2a72ed0c606a8cd390dcd0d88acb81c5d1ce21e2e3fce7a,2025-09-04,66150,6615000,ARS,,PM,PM,Pagos x Inq,Impuestos,,916,2025-12-08T15:34:46.219745Z,Tigre 32 | Tecnico | Tigre | ,pagado
e14a76a33ae59234352a20ad3c237f03a0a4f657b78a3cbed0c7334968c2bcc5,2025-09-15,50975,5097500,ARS,,FB,,Pagos,Impuestos,,917,2025-12-08T15:34:46.219745Z,Tigre 32 | Plan 5/5 | Tigre | ,pagado
e22b6b7eadc9ffafeba17427d132521d9d025a9cd1ac24a7ded03459a7dd1267,2025-09-05,237509.35,23750935,ARS,,Hector,FB,Contribucion,Impuestos,,918,2025-12-08T15:34:46.219745Z,CABA | primos | ABL | ,pagado
c3be57c91c1072605cde192daa9865270eb3bb23b33cd584bdcbb0f77f3b972f,2025-09-10,380,38000,USD,,PM,MI,Repago,Prestamo,,919,2025-12-08T15:34:46.219745Z, | Matias 25 |  | ,pagado
5898b1cfba85bd4eb982b10afd67b13560cfa5d2bd53ab3416d508bd6a5ab1ab,2025-09-10,50000,5000000,ARS,,Inq,FB,Contrib x Inq,Contribuciones,,920,2025-12-08T15:34:46.219745Z,Tigre 01 | Inmobiliaria |  | ,pagado
4b2d0ab2921320d29ee4599367ee84060c47ad44740ef0b10d180c1bfd381de1,2025-09-22,22688,2268800,ARS,,HH,,Pagos,Servicio,,921,2025-12-08T15:34:46.219745Z,CABA |  | Internet | card,pagado
5434785d1dca0ef0d2ff8d6e37f7fc81923275f2fb422d271c4bd5594d6d2567,2025-09-10,335000,33500000,ARS,,,PM,Cobros,Renta,,922,2025-12-08T15:34:46.219745Z,Tigre 01 | Remiseria |  | ,pagado
fc82e24b44e8221135f117b16f39cb8c617f1456bbe4a3b5a212d6c16ee316c3,2025-09-10,700000,70000000,ARS,,,FB,Cobros,Renta,,923,2025-12-08T15:34:46.219745Z,Tigre 01 | Kiosco Mutuo |  | ,pagado
209f733319d62bb56a9835f7ffce067f92817c4614194880dcaf89cabc65e962,2025-09-10,1000000,100000000,ARS,,,FB,Cobros,Renta,,924,2025-12-08T15:34:46.219745Z,Tigre 01 | Vidriero |  | ,pagado
84a156068c49852a872750780b934983c92b7070099e6142e9e27d4873901e80,2025-09-10,800000,80000000,ARS,,,FB,Cobros,Renta,,925,2025-12-08T15:34:46.219745Z,Tigre 28 | Mascotas |  | ,pagado
15fdb20429eaee3617bbed0486bcd6f1f797bd211d8163ddcbee983b78437f18,2025-09-10,300000,30000000,ARS,,,FB,Cobros,Renta,,926,2025-12-08T15:34:46.219745Z,Tigre 28 | Hualpa Ropa |  | ,pagado
c9aa0bf59a1d3de79aa836920054252ac08c3a476c7fcbcde08e950218877a0e,2025-09-10,350000,35000000,ARS,,,FB,Cobros,Renta,,927,2025-12-08T15:34:46.219745Z,Tigre 32 | Correa |  | ,pagado
92325d036e88da5fb5db5d4028d709de9272dfac82ca5ea3a8f91d4d75b97612,2025-09-10,400000,40000000,ARS,,,FB,Cobros,Renta,,928,2025-12-08T15:34:46.219745Z,Tigre 32 | Taipe |  | ,pagado
a5336d98d77de127a74f655421e7350fcb9de69986c039f71e0e7068b545da79,2025-09-10,200000,20000000,ARS,,,FB,Cobros,Renta,,929,2025-12-08T15:34:46.219745Z,Tigre 32 | Tecnico |  | ,pagado
84f893c90b2ca468a458644ce474ff698e7b5f8f559931c802415e0796ea381d,2025-09-10,380,38000,USD,,,PM,Cobros,Renta,,930,2025-12-08T15:34:46.219745Z,CABA | Chino Juan |  | ,pagado
628fa7cee66919bef46866a53fb960e922625d7985746ab118af8d23112b0f79,2025-10-03,37297.2,3729720,ARS,,HH,,Pagos,Servicio,,931,2025-12-08T15:34:46.219745Z,CABA | matias | Metrogas | ,pagado
101c954e8f9fadd3262a2be665ffcb35d4733e79cd459f5527ecf9d38028d0bf,2025-09-15,59785,5978500,ARS,,PM,PM,Pagos x Inq,Impuestos,,932,2025-12-08T15:34:46.219745Z,Tigre 32 | inmo | Tigre | ,pagado
66cd15530122690ccca02223a0a41584cb1812e893c8fa6977543a970d4c61ba,2025-10-03,245000,24500000,ARS,,PM,,Pagos,Impuestos,,933,2025-12-08T15:34:46.219745Z,CABA | matias | ABL | ,pagado
e4a048177eeaade644d0ba830c3634d2ebcce407acd1905900356eadfeec5bd8,2025-10-05,143888.66,14388866,ARS,,HH,,Pagos,Servicio,,934,2025-12-08T15:34:46.219745Z,CABA | matias | Edenor | ,pagado
d1ee4c912a0144ef91f20067d9409e23146f6d486590b9b17351b2e2aff92115,2025-09-29,500,50000,USD,,PM,MI,Repago,Prestamo,,935,2025-12-08T15:34:46.219745Z, | Matias 25 |  | ,pagado
c52feca73551393cd72d2ed94851fdae0db810814ca4d74913f0763270ba914c,2025-10-02,46334,4633400,ARS,,Hector,PM,Contribucion,Servicio,,936,2025-12-08T15:34:46.219745Z,CABA | Hector | AySA | ,pagado
096c5bbda16d809874338147c91b8069ac783d8a02c3e0b2a9ebbdb609c8f06a,2025-10-03,37297.2,3729720,ARS,,MI,HH,Contribucion,Servicio,,937,2025-12-08T15:34:46.219745Z,CABA | matias | Metrogas | ,pagado
c99a6860c3193bde03ca2a0e83a1b1fa36d05fa7b11a3db8295ebe8c3d92d17a,2025-10-08,420000,42000000,ARS,,PM,,Pagos,Servicio,,938,2025-12-08T15:34:46.219745Z,CABA | matias | AySA | ,pagado
b77e27ffea322a4f0365b1dec2a1729bea7a1ba2c9f9f01de34dcbadbf1b2e5f,2025-10-03,245000,24500000,ARS,,MI,HH,Contribucion,Impuestos,,939,2025-12-08T15:34:46.219745Z,CABA | matias | ABL | ,pagado
b509b8330f62979c3fe2cfa9b4eb5da5313be9c76ca44cee635f9624bda57565,2025-10-09,40000,4000000,ARS,,PM,,Pagos,Impuestos,,940,2025-12-08T15:34:46.219745Z,Tigre 32 | matias | ARBA | ,pagado
2ae61333643de1b64be7f752aff04e0567cc1c00f20ae24c17bfc5ef29badb52,2025-10-05,143888.66,14388866,ARS,,MI,HH,Contribucion,Servicio,,941,2025-12-08T15:34:46.219745Z,CABA | matias | Edenor | ,pagado
5066d5de0fc4f5224b9ea8d143836e9f7ea07530fc553c79d6e1d659eb13edc4,2025-10-10,25000,2500000,ARS,,FB,,Pagos,Servicio,,942,2025-12-08T15:34:46.219745Z,Tigre 01 | Inmobiliaria |  | ,pagado
7125fdd84efb146285f5e19b83940685d98ab1e8fd4dfe0c89ecc10ef03004e2,2025-10-08,60000,6000000,ARS,,Inq,PM,Contrib x Inq,Contribuciones,,943,2025-12-08T15:34:46.219745Z,CABA | Juan Chino | AySA | ,pagado
0860780eae3377a0612d053a19fd673e796006b7c8bdab0ab28cef6743272b91,2025-10-08,60000,6000000,ARS,,Hector,PM,Contribucion,Servicio,,944,2025-12-08T15:34:46.219745Z,CABA | Hector | AySA | ,pagado
ad6a404f667810d4aef4846864cb6a865be1ffca1c952efa3b9658e6bd4ad377,2025-10-08,300000,30000000,ARS,,MI,HH,Contribucion,Servicio,,945,2025-12-08T15:34:46.219745Z,CABA | matias | AySA | ,pagado
0ddb1fde9265547d92bb1e5faba3c8986a76897312990c188eeda1d5c189b654,2025-10-08,300000,30000000,ARS,,HH,PM,Contribucion,Servicio,,946,2025-12-08T15:34:46.219745Z,CABA | matias | AySA | ,pagado
3a925ddbbb8ea5950a939a5a675b87b5e9be4d9382a82b94cdc49ac2d7a3ad5c,2025-10-10,4050000,405000000,ARS,,FB,,Transfer,Prestamo,,947,2025-12-08T15:34:46.219745Z, | Gastos Personales |  | ,pagado
204fe8fc85d94223514256e9d0174a69cb57e1e34e8d5d49783ebff63bc02726,2025-10-10,50000,5000000,ARS,,Inq,FB,Contrib x Inq,Contribuciones,,948,2025-12-08T15:34:46.219745Z,Tigre 01 | Inmobiliaria |  | ,pagado
63d50e5423111aa3c0c7f2b1bd360ce834864af3d8b36b7676dbb945d73f91df,2025-10-10,380,38000,USD,,PM,MI,Repago,Prestamo,,949,2025-12-08T15:34:46.219745Z, | Matias 25 |  | ,pagado
c5e34fbbb10a88435439fb56fae7fcd6a758bff1c69f52c136db013da818a41d,2025-10-21,23264,2326400,ARS,,HH,,Pagos,Servicio,,950,2025-12-08T15:34:46.219745Z,CABA |  | Internet | card,pagado
22c51dc61164f9584e09fa6a087f2991e81d8ff261b5e935cac38f65da91d6d1,2025-10-10,400000,40000000,ARS,,,PM,Cobros,Renta,,951,2025-12-08T15:34:46.219745Z,CABA | Chino Juan |  | ,pagado
b364c3c95efeb6165bb91b70c5d7f22b928d60ff8a987e687364e5db3139735b,2025-10-10,335000,33500000,ARS,,,PM,Cobros,Renta,,952,2025-12-08T15:34:46.219745Z,Tigre 01 | Remiseria |  | ,pagado
c2dad786303bd6fc8adc1d099c83b22c6bb89b20d31704d8ea21fca8f7d24038,2025-10-10,700000,70000000,ARS,,,FB,Cobros,Renta,,953,2025-12-08T15:34:46.219745Z,Tigre 01 | Kiosco Mutuo |  | ,pagado
4d6d7032479b0c636796bd5f0b8838077eb2625590caf6d911de713af0ce70de,2025-10-10,1100000,110000000,ARS,,,FB,Cobros,Renta,,954,2025-12-08T15:34:46.219745Z,Tigre 01 | Vidriero |  | ,pagado
3b09c69b68b9cb3faf5ac4d233f0c47ef7ac16c2ba7da5f1bcba36a8688a69f0,2025-10-10,800000,80000000,ARS,,,FB,Cobros,Renta,,955,2025-12-08T15:34:46.219745Z,Tigre 28 | Mascotas |  | ,pagado
ae05bda5a084f2d246e374c41e64de7d022c2fec0e3f8b20bd3be332d7796a2f,2025-10-10,400000,40000000,ARS,,,FB,Cobros,Renta,,956,2025-12-08T15:34:46.219745Z,Tigre 28 | Hualpa Ropa |  | ,pagado
6bd081a8e6db1de7aac8489aa80375127f3b8f71e33728f0498c36e23e15d9d1,2025-10-10,400000,40000000,ARS,,,FB,Cobros,Renta,,957,2025-12-08T15:34:46.219745Z,Tigre 32 | Correa |  | ,pagado
3381a37eedcb64b0de96ffdd429c7cfe4056b92d4a85d984d39d910605abfe7c,2025-10-10,450000,45000000,ARS,,,FB,Cobros,Renta,,958,2025-12-08T15:34:46.219745Z,Tigre 32 | Taipe |  | ,pagado
e19178c2b3c464f89806a7b517903d00a4b603b0102510ec3a38d5184956ceb0,2025-10-10,200000,20000000,ARS,,,FB,Cobros,Renta,,959,2025-12-08T15:34:46.219745Z,Tigre 32 | Tecnico |  | ,pagado
f656a6c54bdc3e5a6ee6a9ef9dcb394a2d05b5417f06123f31bd7063c4ed9516,2025-10-10,380,38000,USD,,,PM,Cobros,Renta,,960,2025-12-08T15:34:46.219745Z,CABA | Chino Juan |  | ,pagado
a7c30a2beea7d6ddc63adfce0d7ed989129e5ca8592a2af5e97cd5410d415380,2025-10-13,107851,10785100,ARS,,PM,PM,Pagos x Inq,Impuestos,,961,2025-12-08T15:34:46.219745Z,Tigre 01 | Vidriero | Tigre | ,pagado
1cea7bfe01a6f93de6f16d1075501245eeb93996e39747e9d44cdddc5423e7df,2025-10-13,76116,7611600,ARS,,PM,PM,Pagos x Inq,Impuestos,,962,2025-12-08T15:34:46.219745Z,Tigre 01 | Vidriero | Tigre | ,pagado
08421662b443cfcb3dca9723a3ff45acd39d9427912bf8b9ca1ea7a9fc22307e,2025-10-15,65000,6500000,ARS,,FB,FB,Contribucion,Impuestos,,963,2025-12-08T15:34:46.219745Z,Tigre 32 | alejandro 25-6 + recargo | Tigre | ,pagado
121717144b82948e994cef0a612421991187aaf532d4d352b40e30a727c779ec,2025-11-06,150955.76,15095576,ARS,,HH,,Pagos,Servicio,,964,2025-12-08T15:34:46.219745Z,CABA | matias | Edenor | ,pagado
ebe7b588318b480f3e2508c0f09f250a766be2adbbf181fc73c6d7b619f59730,2025-11-07,42847.09,4284709,ARS,,HH,,Pagos,Servicio,,965,2025-12-08T15:34:46.219745Z,CABA | matias | Metrogas | ,pagado
957d176802f498df59df7e65158267810aa204ae87614d04bb96d28501d72363,2025-11-04,46334,4633400,ARS,,PM,PM,Contribucion,Impuestos,,966,2025-12-08T15:34:46.219745Z,CABA | matias | AySA | ,pagado
56cc8674c1e3bb80592ec409f2707286ce7cee728b73aeb2dbda9d0d230c525d,2025-11-05,256046,25604600,ARS,,PM,PM,Pagos x Inq,Impuestos,,967,2025-12-08T15:34:46.219745Z,CABA | Juan Chino | ABL | ,pagado
a80babe51eb821b9024e3f1c04d0693290045d432cb75a8283432a0d4cccc0f1,2025-11-06,150955.76,15095576,ARS,,MI,HH,Contribucion,Servicio,,968,2025-12-08T15:34:46.219745Z,CABA | matias | Edenor | ,pagado
cdc9afb84f3da1857ce8d1aa2e41a14b77599114187eacdc99a9f8cf184487b0,2025-11-10,25000,2500000,ARS,,FB,,Pagos,Servicio,,969,2025-12-08T15:34:46.219745Z,Tigre 01 | Inmobiliaria |  | ,pagado
27d536f90b2c434d082f99915ed5bfc1457c1a3bc1a2d986bb17a34a24100e54,2025-11-07,42847.09,4284709,ARS,,MI,HH,Contribucion,Servicio,,970,2025-12-08T15:34:46.219745Z,CABA | matias | Metrogas | ,pagado
08b9aa55624d4090b1555521dacb501b9897912a0a9835310bda19c369974f06,2025-11-10,4050000,405000000,ARS,,FB,,Transfer,Prestamo,,971,2025-12-08T15:34:46.219745Z, | Gastos Personales |  | ,pagado
dbf42f4da9313b093d536d0fdbac70dbbe80c74ca3ab20ad46287f95cfb3e7f6,2025-11-10,50000,5000000,ARS,,Inq,FB,Contrib x Inq,Contribuciones,,972,2025-12-08T15:34:46.219745Z,Tigre 01 | Inmobiliaria |  | ,pagado
09fdbc0a1c98710e9fa6825f72a3e91bfd49212fd94237d2b3943375762b1aa0,2025-11-10,380,38000,USD,,PM,MI,Repago,Prestamo,,973,2025-12-08T15:34:46.219745Z, | Matias 25 |  | ,pagado
b62a40d7aeb959a6a395e9e6c818866eec2aaa6de087c0b2c63d0b66b6496e07,2025-11-15,43547.55,4354755,ARS,,FB,,Pagos,Impuestos,,974,2025-12-08T15:34:46.219745Z,Tigre 02 | alejandro | Tigre | ,pagado
3b31caa334559c551d3fa3c5ebd462cfa684b06898f77d5be89fc2cc1015c772,2025-11-10,400000,40000000,ARS,,,PM,Cobros,Renta,,975,2025-12-08T15:34:46.219745Z,CABA | Chino Juan |  | ,pagado
4b2aa4a93a6397da7a9ecb2eb058aca0f9bd24fae3fe2758441d64f4e1ec44f9,2025-11-10,335000,33500000,ARS,,,PM,Cobros,Renta,,976,2025-12-08T15:34:46.219745Z,Tigre 01 | Remiseria |  | ,pagado
0fbc01275a99ad0742b1e747604df8f90420812b9341843555ebdb3cf8fe1f90,2025-11-10,700000,70000000,ARS,,,FB,Cobros,Renta,,977,2025-12-08T15:34:46.219745Z,Tigre 01 | Kiosco Mutuo |  | ,pagado
22ca668bd03a21dcd8c481902b284c438652f9fcf12c2119cdb1797a11e67b9a,2025-11-10,380,38000,USD,,,PM,Cobros,Renta,,978,2025-12-08T15:34:46.219745Z,CABA | Chino Juan |  | ,pagado
705db178ed18e55639e84aff864ec31590364a16709dfff5907b0f58ccd34afe,2025-11-10,1100000,110000000,ARS,,,FB,Cobros,Renta,,979,2025-12-08T15:34:46.219745Z,Tigre 01 | Vidriero |  | ,pagado
dae0bc17a4872c552b6dcfaecfd59ac58f320f7252b1fe81b66f3ca137cfc5fe,2025-11-10,800000,80000000,ARS,,,FB,Cobros,Renta,,980,2025-12-08T15:34:46.219745Z,Tigre 28 | Mascotas |  | ,pagado
50f30ba2d92c12777bb23f9933c53b4b598209c12a0750d95543f2165163ee2a,2025-11-10,400000,40000000,ARS,,,FB,Cobros,Renta,,981,2025-12-08T15:34:46.219745Z,Tigre 28 | Hualpa Ropa |  | ,pagado
a90fbbe24e810a4dffdf7bbcc6bfab2d99fb2193cbe8c4dde1e9af5e9e87862c,2025-11-10,400000,40000000,ARS,,,FB,Cobros,Renta,,982,2025-12-08T15:34:46.219745Z,Tigre 32 | Correa |  | ,pagado
ff391561ff56386cd4b56543609ac58f4a4118f2959ae0ea7f2ea31e30f8db91,2025-11-10,450000,45000000,ARS,,,FB,Cobros,Renta,,983,2025-12-08T15:34:46.219745Z,Tigre 32 | Taipe |  | ,pagado
b697b868d5cf32d1989962e88f5d670eafd6771e488c19480ee9d3e349c1ace9,2025-11-10,200000,20000000,ARS,,,FB,Cobros,Renta,,984,2025-12-08T15:34:46.219745Z,Tigre 32 | Tecnico |  | ,pagado
8815c25d5dca16283710fca3c03c6f23c1287a58eaabe6ab4490478141bb77a7,2025-11-15,76116,7611600,ARS,,PM,PM,Pagos x Inq,Impuestos,,985,2025-12-08T15:34:46.219745Z,Tigre 01 | Vidriero | Tigre | ,pagado
ce599e947c1e60610f9a371dd440cd834780ffdfa20a95801aefb8d82f28cad4,2025-11-15,59785,5978500,ARS,,PM,PM,Pagos x Inq,Impuestos,,986,2025-12-08T15:34:46.219745Z,Tigre 32 | correa | Tigre | ,pagado
73bd01175e5c02fd8ade09eeb8ee5fb303dedbf928104b2ecbf35c68b4cd427b,2025-11-25,23720,2372000,ARS,,HH,,Pagos,Servicio,,987,2025-12-08T15:34:46.219745Z,CABA |  | Internet | card,pagado
04e1468d4545cc2cb7a6a278b760dddbaca435ff54b4c9137e6251c42ecb775b,2025-11-27,27913.78,2791378,ARS,,HH,,Pagos,Servicio,,988,2025-12-08T15:34:46.219745Z,CABA | matias | Edenor | ,pagado
da074b64397cf3604c38b6ea77c0962eda1cd862fd79bb481161e3f98d93cc8d,2025-11-27,27913.78,2791378,ARS,,MI,HH,Contribucion,Servicio,,989,2025-12-08T15:34:46.219745Z,CABA | matias | Edenor | ,pagado
f5c7eccf8f96893813a2ac660f1c9e80fcc01c4a20a3397c85cba42d5c04db20,2025-12-02,42714.89,4271489,ARS,,HH,,Pagos,Servicio,,990,2025-12-08T15:34:46.219745Z,CABA | matias | Metrogas | ,pagado
1c86251623e941d1739b187641bd7c412cdc2dfd0ebd6799d56448a442d77a0b,2025-12-02,42714.89,4271489,ARS,,MI,HH,Contribucion,Servicio,,991,2025-12-08T15:34:46.219745Z,CABA | matias | Metrogas | ,pagado
4daec161e0b95053e86fbdf2cf02ae00b7498f89e63f02be2b5abbff7370f5f8,2025-12-05,262220,26222000,ARS,,FB,,Pagos,Impuestos,,992,2025-12-08T15:34:46.219745Z,CABA | primos | ABL | ,pagado
221e407ab985baf1482ebffb79d4a626f3cc8e984fffb9d9f04e23712751fd18,2025-12-05,262220,26222000,ARS,,Hector,FB,Contribucion,Impuestos,,993,2025-12-08T15:34:46.219745Z,CABA | primos | ABL | ,
8ceb3d2f64ee1fd704cbd4374a62e97b51a4cc8f88ea9f4626fda152e9467327,2025-12-08,51960.29,5196029,ARS,,PM,PM,Contribucion,Impuestos,,994,2025-12-08T15:34:46.219745Z,CABA | Chino Juan | AySA | ,
2de2e2e7375b60028a6ceb0bfe1ff24533b1a1cf86aa84f365b7c105c9fb39f2,2025-12-25,23720,2372000,ARS,,HH,,Pagos,Servicio,,995,2025-12-08T15:34:46.219745Z,CABA |  | Internet | card,
