surface,current production consumer,test-only consumer,accounting significance,can delete now?,blocker,expected LOC win,risk
"public_contract + canonical_dashboard bundle","accounting.publish.latest; accounting-viewer manifest/debt loader","publication/release tests","Current downstream handoff of governed annual/frontier/semantic/cash/debt artifacts","NO","None; this is the supported publication contract","0","critical"
"overview_balance_dashboard professional table/drilldown","professional drilldown + linked digest when pack exists","professional drilldown/reconciliation tests","Current annual governed dashboard presentation and lineage","NO","Current professional reporting surface","0","high"
"income_operating_statement professional table/drilldown","professional drilldown + linked digest when pack exists","professional drilldown/reconciliation tests","Current annual operating/rent/OPEX presentation","NO","Current professional reporting surface","0","high"
"cash_annual_box_flow_bridge_wide","professional drilldown + linked digest when pack exists","professional drilldown tests","Current annual flow bridge; presentation over governed flow/cash evidence","NO","Current professional reporting surface; specialized bridge formulas remain","0","high"
"monthly_tables_operating_statement_matrix + _ars","professional drilldown + linked digest when pack exists","professional drilldown tests","Current monthly governed statement presentation","NO","Current professional reporting surface","0","high"
"monthly_tables_cash_close_matrix","governed cash executor via professional drilldown; linked digest","cash/drilldown tests","Current validated cash-position presentation; stock selector","NO","Current cash reporting ability","0","critical"
"monthly_tables_debt_position_matrix","governed debt-position executor via professional drilldown; linked digest","debt position tests","Current debt stock presentation; latest governed close","NO","Current debt-position reporting ability","0","critical"
"monthly_tables_debt_activity_matrix","governed debt-activity executor via professional drilldown; linked digest","debt activity tests","Current debt flow presentation","NO","Current debt-activity reporting ability","0","critical"
"annual_cash_close_by_box_wide","governed annual cash executor; linked digest when present","annual dashboard/cash tests","Current annual cash stock companion","NO","Current cash reporting ability","0","critical"
"annual_funding_by_actor_channel_wide","linked digest/drilldown when present; governed funding-support producer","annual dashboard/professional tests","Current broader funding/support reporting, distinct from core contribution metric","NO","Funding drilldown still has deferred legacy route identities in wave4 for some grains","0","high"
"annual_debt_stock_by_pair_wide","linked digest/drilldown when present","annual dashboard/debt tests","Current annual debt stock companion","NO","Current debt reporting ability","0","critical"
"annual_debt_activity_by_pair_wide","linked digest/drilldown when present","annual dashboard/debt tests","Current annual debt activity companion","NO","Current debt reporting ability","0","critical"
"monthly_tables_draws_by_box_amount_out + draws_by_type_amount_out","professional drilldown; stable FlowCellSpec identity when enriched","professional acceptance/atomic-flow tests","Useful current atomic withdrawal drilldowns","NO","Current professional diagnostic/reporting surface has governed identities","0","medium"
"monthly_tables_opex_by_type_amount_out","professional drilldown; stable FlowCellSpec identity when enriched","professional acceptance/atomic-flow tests","Useful current property-OPEX detail","NO","Current professional reporting detail","0","medium"
"monthly_tables_flow_bucket_all_measures + flow_subbucket_all_measures","legacy router; linked digest glob if files exist","professional compatibility/reconciliation tests","Exploratory semantic diagnostics, not accounting authority","DEFER","First split diagnostic-table discovery from the linked-digest/public presentation allowlist","~30-80 presentation/router LOC","low-medium"
"monthly_tables_fb_bridge_matrix + pm_stress_matrix + household_bridge_matrix","legacy specialized drilldown router; linked digest glob","professional acceptance tests","Diagnostic bridge views; preserve underlying semantic/Box evidence","DEFER","Retain evidence but decide typed diagnostic contract vs non-presented analyst CSVs; net_flow/debt_net/unknown_net remain specialized","~80-180 route LOC if retired","medium"
"monthly_tables_unknown_review_net_matrix","legacy specialized drilldown router; linked digest glob","professional acceptance tests","Diagnostic review-required visibility; evidence must remain","DEFER","Retain unknown/review evidence but remove presentation only after diagnostic workflow has direct evidence path","~20-40 route LOC","medium"
"monthly_tables_fx_treasury_* + fx_treasury_compact","legacy/deferred FX route family; linked digest glob","FX resolver and professional tests","Treasury/FX diagnostics and reporting; native-currency semantics matter","NO","Governed total-vs-Box FX grain contract still needed for full replacement","0 now; ~100-200 after migration","high"
"monthly_tables_diagnostic_box_level_matrix presentation/drilldown route","legacy diagnostic cash-control route; linked digest glob if file exists","legacy position compatibility + professional tests","Diagnostic only; source is box_balance_time_long, not cash authority","YES","None if underlying box_balance_time_long and cash QA evidence remain available","~40-100 direct route LOC; unlocks more legacy cash-helper deletion","medium"
"metric_values.csv","metrics.build; frontier QA; legacy statement/view generation","metrics tests","Compatibility metric engine artifact, not current viewer/public authority","DEFER","Migrate frontier QA and remaining legacy statement/view builders off metric_values; remove Makefile assertion","hundreds across builders/derive/build/io","medium-high"
"metric_registry.csv","metrics.build; frontier QA; legacy leaf-builder dispatch/validation","metrics tests","Compatibility registry for old metric engine, not current viewer/public authority","DEFER","Replace old leaf registry/dispatch with governed annual/frontier contract metadata; remove Makefile assertion","hundreds together with metric_values consolidation","medium-high"
"metric_views/* required by Makefile","metrics.build creates; Makefile hard-asserts selected last6 views","metric view tests/notebooks","Presentation convenience views; not published and not loaded by active viewer","DEFER","Remove/replace Makefile requirements and confirm notebook consumers use governed sources","~150-300 generation/assertion LOC","low-medium"
"legacy_reconciliation/income_statement_y.csv + balance_cash_y.csv publication copies","accounting.publish.latest currently copies if present; active viewer does not load","check_contracts/release labeling tests","Explicitly legacy reconciliation, not canonical dashboard","YES","Update publisher static list/static contract smoke; release check does not require presence","~5-20 publisher/check LOC","low"
"legacy income_statement_y/balance_cash_y/balance_debt_y and quarterly generation","metrics.build build_statement_views","metrics/contract tests; historical notebooks may reference","Legacy statement compatibility derived from metric_values","DEFER","Remove old metric-values engine or migrate any still-supported notebook to annual_balance_dashboard_metrics/frontier","~60-120 generation LOC plus registry surface","medium"
"views/v_contributions_monthly.csv","metrics.build load_context -> builders.build_is_contrib_total","metrics/marts tests","Legacy contribution input feeding old IS.CONTRIB.TOTAL metric only; canonical support/funding exists elsewhere","DEFER","Retire/migrate old leaf builder and metric_values dependency; then remove mart output","~50 mart LOC + leaf builder/context wiring","medium"
"views/v_opex_category_monthly.csv","metrics.build load_context -> builders.build_is_opex_total","metrics/marts tests","Legacy OPEX input feeding old IS.OPEX.TOTAL metric only; governed property OPEX exists in semantic/annual path","DEFER","Retire/migrate old leaf builder and metric_values dependency; then remove mart output","~45 mart LOC + leaf builder/context wiring","medium"
"views/v_cashflow_monthly.csv","none found outside accounting.marts.build/docs","marts tests if any","Narrative compatibility mart; not canonical cash authority","YES","None; keep monthly_cash_close and box diagnostic evidence","~40-70 builder/export LOC","low"
"views/renta_pivot.party_currency.csv","none found outside accounting.marts.build/docs","legacy/marts tests if any","Presentation convenience; semantic rent authority is elsewhere","YES","None after confirming no external notebook outside repo; current repo/viewer has no consumer","~40-70 builder/export LOC","low"
"views/fondos_wide.csv","none found outside accounting.marts.build/docs","legacy/marts tests if any","Presentation convenience only","YES","None after confirming no external notebook outside repo; current repo/viewer has no consumer","~30-60 builder/export LOC","low"
"views/party_balance_detailed.csv","metrics.build loads optionally but no ctx.party_balance_detailed consumer found","marts/context tests if any","Diagnostic party balance evidence; not current accounting authority","YES","If retained for analysts, move to explicit diagnostics rather than production mart contract","~20-40 production wiring LOC; larger if party-view family retired","low-medium"
"views/party_balance_*_wide + balance_by_flujo_tipo + consolidated_balance + upcoming_90.raw","none found as current production consumers","marts/docs/historical notebook references","Diagnostic/presentation convenience; some can obscure zero-sum or be raw convenience","YES","Preserve underlying Stage-D evidence; do not delete canonical ledger/per_party/box artifacts","~120-220 export LOC","low-medium"
"fondos_report.csv input fallback","accounting.marts.build best-effort legacy loader only","historical compatibility tests/docs","Historical compatibility only; never required by current Makefile path","YES","None; current Stage-D per_party source is preferred/required","~20-35 loader/fallback LOC","low"
"renta_*.csv input fallback","accounting.marts.build best-effort legacy loader only","historical compatibility tests/docs","Historical compatibility only; never current rent authority","YES","None; current Stage-D/semantic sources retain rent evidence","~40-70 loader/fallback LOC","low"
"pre-governed/minimal cash-position drilldown helpers","reachable only when modern cash schema unsupported or diagnostic box route; no current governed producer requires them","tests/test_legacy_position_compatibility.py","Historical compatibility behavior can mix validated/inferred rows and is explicitly non-authoritative","YES after retiring diagnostic-box presentation route","Retire diagnostic-box presentation and declare governed monthly_cash_close schema the only supported professional cash input","~100-250 legacy drilldown LOC/tests","medium"
"pre-governed/minimal debt-position/activity drilldown fallbacks","legacy router fallback when governed executors return unsupported","legacy position/debt compatibility tests","Historical/minimal schema compatibility; modern governed debt executors own meaning","YES if supported-input contract is enforced","Make modern component-grained debt schemas a hard supported-pack precondition; remove compatibility fixtures","~150-300 legacy drilldown LOC/tests","medium"
"legacy derived-label/formula fallback","legacy _build_derived_cell after modern DerivedMetricSpec executor misses","tests/test_legacy_derived_formula_compatibility.py","Historical derived presentation compatibility","DEFER","Ensure every supported derived row has stable derived_metric_id/contract; then remove label inference","~200-500 legacy drilldown LOC","medium-high"
"accounting.metrics.annual_legacy.py","accounting.metrics.annual facade delegates baseline builder and helpers","legacy/module/semantic tests","Still transitively production-critical despite name; facade rewrites governed cash/funding on top","NO","Migrate remaining baseline annual construction/helpers into governed module before deleting file","~33 KB gross source; net smaller because logic must move","high"
"accounting.metrics.frontier_legacy.py","accounting.metrics.frontier delegates non-cash frontier and QA helpers","legacy/module/frontier tests","Still transitively production-critical; current frontier facade only replaces governed cash subset","NO","Implement non-cash frontier directly against governed sources and rehome QA helpers","~25 KB gross source; net smaller because logic must move","high"
"accounting.professional.annual_dashboard_tables_legacy.py","modern annual_dashboard_tables uses helper primitives and fallbacks; exported debt/write helpers are repo-test-only","tests/test_annual_dashboard_tables.py; legacy module tests","Mostly compatibility/helper host, not independent authority","DEFER","Rehome generic wide/empty helpers and governed debt companion builders; drop modern-schema fallbacks","~21 KB gross; likely material net deletion after helper extraction","medium"
"accounting.professional.drilldown_legacy.py","current drilldown facade still uses legacy orchestrator/source discovery/HTML writers/CLI and residual fallback router","many compatibility/integration tests","Large compatibility implementation; not semantic authority but still runtime chassis","NO","Extract modern orchestrator/writers; retire diagnostic/minimal/label routes incrementally; resolve deferred funding/FX/specialized formulas","~3.9k LOC gross; large net opportunity after route migrations","high"
